summer_2020_cases_per_100000,county
0.14483,Alameda
0.0044,Colusa
0.01056,San Benito
0.00162,Inyo
0.01125,Shasta
0.00026,Trinity
0.07376,San Francisco
0.0012,Mono
0.00128,Siskiyou
0.03798,Imperial
0.06447,Sonoma
0.02673,Butte
0.31169,San Diego
0.00039,Plumas
0.00943,El Dorado
0.00502,Lassen
0.13357,Contra Costa
0.00256,Calaveras
